Start_Date,End_Date
,1854 December
1857 June,1858 December
1860 October,1861 June
1865 April,1867 December
1869 June,1870 December
1873 October,1879 March
1882 March,1885 May
1887 March,1888 April
1890 July,1891 May
1893 January,1894 June
1895 December,1897 June
1899 June,1900 December
1902 September,1904 August
1907 May,1908 June
1910 January,1912 January
1913 January,1914 December
1918 August,1919 March
1920 January,1921 July
1923 May,1924 July
1926 October,1927 November
1929 August,1933 March
1937 May,1938 June
1945 February,1945 October
1948 November,1949 October
1953 July,1954 May
1957 August,1958 April
1960 April,1961 February
1969 December,1970 November
1973 November,1975 March
1980 January,1980 July
1981 July,1982 November
1990 July,1991 March
2001 March,2001 November
2007 December,2009 June